1|lb|ground round|weight-watchers-deep-dish-pizza-casserole-224261#ground+round
1|""|(15 ounce) canchunky _Italian-style tomatoes_|weight-watchers-deep-dish-pizza-casserole-224261#Italian-style+tomatoes
""|""|cooking spray (Pam)|weight-watchers-deep-dish-pizza-casserole-224261#cooking+spray
1|""|(10 ounce) canrefrigerated pizza dough|weight-watchers-deep-dish-pizza-casserole-224261#pizza+dough
6|ounces|shredded _part-skim mozzarella cheese_|weight-watchers-deep-dish-pizza-casserole-224261#part-skim+mozzarella+cheese
""|""|""|weight-watchers-deep-dish-pizza-casserole-224261#
""|""|""|weight-watchers-deep-dish-pizza-casserole-224261#
3|""|bananas| mashed|weight-watcher-1-point-banana-bread-flex-points-154636#bananas
1|cup|_Splenda sugar substitute_|weight-watcher-1-point-banana-bread-flex-points-154636#Splenda+sugar+substitute
1⁄2|cup|natural applesauce|weight-watcher-1-point-banana-bread-flex-points-154636#natural+applesauce
3⁄4|cup|all-purpose flour|""|weight-watcher-1-point-banana-bread-flex-points-154636#all-purpose+flour
1⁄2|cup|whole wheat flour|""|weight-watcher-1-point-banana-bread-flex-points-154636#whole+wheat+flour
1⁄2|teaspoon|salt|""|weight-watcher-1-point-banana-bread-flex-points-154636#salt
1 1⁄2|teaspoons|baking soda|""|weight-watcher-1-point-banana-bread-flex-points-154636#baking+soda
""|""|""|weight-watcher-1-point-banana-bread-flex-points-154636#
""|""|""|weight-watcher-1-point-banana-bread-flex-points-154636#
1⁄4|cup|reduced sodium soy sauce|""|ww-7-points-chicken-yakitori-kebabs-250399#reduced+sodium+soy+sauce
2|tablespoons|mirin|""|ww-7-points-chicken-yakitori-kebabs-250399#mirin
2|tablespoons|sugar|""|ww-7-points-chicken-yakitori-kebabs-250399#sugar
1|teaspoon|minced peeled _fresh ginger_|ww-7-points-chicken-yakitori-kebabs-250399#fresh+ginger
1|""|garlic clove|""|ww-7-points-chicken-yakitori-kebabs-250399#garlic+clove
1|lb|boneless skinless chicken thighs| trimmed of all visible fat, cut into 2-inch pieces|ww-7-points-chicken-yakitori-kebabs-250399#boneless+skinless+chicken+thighs
2|""|red bell peppers| seeded and cut into 2-inch pieces|ww-7-points-chicken-yakitori-kebabs-250399#red+bell+peppers
8|""|scallions| cut into 2-inch pieces|ww-7-points-chicken-yakitori-kebabs-250399#scallions
2|cups|cooked brown rice|""|ww-7-points-chicken-yakitori-kebabs-250399#cooked+brown+rice
""|""|skewer|ww-7-points-chicken-yakitori-kebabs-250399#skewer
""|""|""|ww-7-points-chicken-yakitori-kebabs-250399#
""|""|""|ww-7-points-chicken-yakitori-kebabs-250399#
1⁄2|cup|unsweetened cocoa|ww-truffles-287556#unsweetened+cocoa
1|cup|powdered sugar|""|ww-truffles-287556#powdered+sugar
1⁄2|cup|light cream cheese| at room temperature|ww-truffles-287556#light+cream+cheese
1⁄2|teaspoon|vanilla extract|""|ww-truffles-287556#vanilla+extract
""|""|""|ww-truffles-287556#
""|""|""|ww-truffles-287556#
4|""|(12 ounce) _baking potatoes_|ww-ham-and-cheese-stuffed-potatoes-293842#baking+potatoes
2|tablespoons|reduced-calorie stick margarine|""|ww-ham-and-cheese-stuffed-potatoes-293842#reduced-calorie+stick+margarine
2|cups|broccoli florets|""|ww-ham-and-cheese-stuffed-potatoes-293842#broccoli+florets
1⁄2|cup|onion| chopped|ww-ham-and-cheese-stuffed-potatoes-293842#onion
1⁄2|cup|low sodium chicken broth|""|ww-ham-and-cheese-stuffed-potatoes-293842#low+sodium+chicken+broth
1|cup|lean ham| diced|ww-ham-and-cheese-stuffed-potatoes-293842#lean+ham
1⁄4|teaspoon|pepper|""|ww-ham-and-cheese-stuffed-potatoes-293842#pepper
6|tablespoons|nonfat sour cream| divided|ww-ham-and-cheese-stuffed-potatoes-293842#nonfat+sour+cream
""|""|cooking spray|ww-ham-and-cheese-stuffed-potatoes-293842#cooking+spray
1⁄2|cup|reduced-fat cheddar cheese| shredded|ww-ham-and-cheese-stuffed-potatoes-293842#reduced-fat+cheddar+cheese
""|""|""|ww-ham-and-cheese-stuffed-potatoes-293842#
""|""|""|ww-ham-and-cheese-stuffed-potatoes-293842#
3|tablespoons|sweet cooking _rice wine_ (mirin)|ww-honey-glazed-salmon-with-wasabi-4-points-310815#rice+wine
1|tablespoon|seasoned rice vinegar|""|ww-honey-glazed-salmon-with-wasabi-4-points-310815#seasoned+rice+vinegar
1|tablespoon|reduced sodium soy sauce|""|ww-honey-glazed-salmon-with-wasabi-4-points-310815#reduced+sodium+soy+sauce
1|tablespoon|honey|""|ww-honey-glazed-salmon-with-wasabi-4-points-310815#honey
1|teaspoon|fresh ginger| peeled and minced|ww-honey-glazed-salmon-with-wasabi-4-points-310815#fresh+ginger
2|teaspoons|wasabi paste|""|ww-honey-glazed-salmon-with-wasabi-4-points-310815#wasabi+paste
1|lb|salmon fillet| cut into 4 equal pieces|ww-honey-glazed-salmon-with-wasabi-4-points-310815#salmon+fillet
1⁄2|teaspoon|salt|""|ww-honey-glazed-salmon-with-wasabi-4-points-310815#salt
1⁄2|teaspoon|pepper|""|ww-honey-glazed-salmon-with-wasabi-4-points-310815#pepper
1⁄4|cup|scallion| thinly sliced|ww-honey-glazed-salmon-with-wasabi-4-points-310815#scallion
""|""|""|ww-honey-glazed-salmon-with-wasabi-4-points-310815#
""|""|""|ww-honey-glazed-salmon-with-wasabi-4-points-310815#
3|""|(14 1/2 ounce) cans _chicken broth_|weight-watchers-broccoli-cheese-soup-2-pts-per-cup-210757#chicken+broth
2|""|(1 lb) bags _frozen broccoli_|weight-watchers-broccoli-cheese-soup-2-pts-per-cup-210757#frozen+broccoli
1|""|(10 1/2 ounce) canrotel brand _tomatoes and green chilies_|weight-watchers-broccoli-cheese-soup-2-pts-per-cup-210757#tomatoes+and+green+chilies
10|ounces|_Velveeta reduced fat cheese product_|weight-watchers-broccoli-cheese-soup-2-pts-per-cup-210757#Velveeta+reduced+fat+cheese+product
""|""|""|weight-watchers-broccoli-cheese-soup-2-pts-per-cup-210757#
""|""|""|weight-watchers-broccoli-cheese-soup-2-pts-per-cup-210757#
1⁄4|cup|_Worcestershire sauce_|ww-3-points-grilled-chicken-and-key-lime-salsa-283199#Worcestershire+sauce
3|tablespoons|fresh _key lime juice_|ww-3-points-grilled-chicken-and-key-lime-salsa-283199#key+lime+juice
1|lb|chicken breast| four 4-oz pieces|ww-3-points-grilled-chicken-and-key-lime-salsa-283199#chicken+breast
3|medium|oranges| sectioned, white pith and seeds removed|ww-3-points-grilled-chicken-and-key-lime-salsa-283199#oranges
2|tablespoons|fresh _key lime juice_|ww-3-points-grilled-chicken-and-key-lime-salsa-283199#key+lime+juice
2|tablespoons|scallions| chopped|ww-3-points-grilled-chicken-and-key-lime-salsa-283199#scallions
1|tablespoon|cilantro| chopped|ww-3-points-grilled-chicken-and-key-lime-salsa-283199#cilantro
1|teaspoon|chopped _green chili_ (to taste)|ww-3-points-grilled-chicken-and-key-lime-salsa-283199#green+chili
""|""|""|ww-3-points-grilled-chicken-and-key-lime-salsa-283199#
""|""|""|ww-3-points-grilled-chicken-and-key-lime-salsa-283199#
""|""|olive oil flavored cooking spray| divided (4 sprays)|weight-watchers-roasted-vegetables-0-points-162393#olive+oil+flavored+cooking+spray
2|medium|sweet red peppers, seeded and quartered|weight-watchers-roasted-vegetables-0-points-162393#sweet+red+peppers
1|medium|green pepper| seeded and quartered|weight-watchers-roasted-vegetables-0-points-162393#green+pepper
""|""|summer squash, halved lengthwise|weight-watchers-roasted-vegetables-0-points-162393#summer+squash
""|""|zucchini| halved lengthwise|weight-watchers-roasted-vegetables-0-points-162393#zucchini
1|cup|red onion| sliced|weight-watchers-roasted-vegetables-0-points-162393#red+onion
12|ounces|canned artichoke hearts| without oil, drained|weight-watchers-roasted-vegetables-0-points-162393#canned+artichoke+hearts
1|teaspoon|dried thyme|""|weight-watchers-roasted-vegetables-0-points-162393#dried+thyme
1⁄2|teaspoon|table salt|""|weight-watchers-roasted-vegetables-0-points-162393#table+salt
1⁄4|teaspoon|black pepper| freshly ground|weight-watchers-roasted-vegetables-0-points-162393#black+pepper
""|""|""|weight-watchers-roasted-vegetables-0-points-162393#
""|""|""|weight-watchers-roasted-vegetables-0-points-162393#
1|""|(18 ounce) box spice cake mix|weight-watchers-2-point-pumpkin-muffins-145312#spice+cake+mix
15|ounces|pumpkin|""|weight-watchers-2-point-pumpkin-muffins-145312#pumpkin
1|cup|water|""|weight-watchers-2-point-pumpkin-muffins-145312#water
""|""|""|weight-watchers-2-point-pumpkin-muffins-145312#
""|""|""|weight-watchers-2-point-pumpkin-muffins-145312#
3|cups|nonfat beef broth| (beef is the best) or 3 cups nonfat _vegetable broth_ (beef is the best) or 3 cups _nonfat chicken broth_ (beef is the best)|ww-0-point-weight-watchers-cabbage-soup-128956#nonfat+beef+broth
2|""|garlic cloves| minced|ww-0-point-weight-watchers-cabbage-soup-128956#garlic+cloves
1|tablespoon|tomato paste|""|ww-0-point-weight-watchers-cabbage-soup-128956#tomato+paste
2|cups|chopped _cabbage_|ww-0-point-weight-watchers-cabbage-soup-128956#cabbage
1⁄2|""|yellow onion|""|ww-0-point-weight-watchers-cabbage-soup-128956#yellow+onion
1⁄2|cup|chopped _carrot_|ww-0-point-weight-watchers-cabbage-soup-128956#carrot
1⁄2|cup|green beans|""|ww-0-point-weight-watchers-cabbage-soup-128956#green+beans
1⁄2|cup|chopped _zucchini_|ww-0-point-weight-watchers-cabbage-soup-128956#zucchini
1⁄2|teaspoon|basil|""|ww-0-point-weight-watchers-cabbage-soup-128956#basil
1⁄2|teaspoon|oregano|""|ww-0-point-weight-watchers-cabbage-soup-128956#oregano
""|""|salt & pepper|ww-0-point-weight-watchers-cabbage-soup-128956#salt+%26+pepper
""|""|""|ww-0-point-weight-watchers-cabbage-soup-128956#
""|""|""|ww-0-point-weight-watchers-cabbage-soup-128956#
1|""|(1 1/4 ounce) package taco seasoning|weight-watchers-mexican-chicken-breasts-155442#taco+seasoning
16|ounces|boneless skinless chicken breasts|""|weight-watchers-mexican-chicken-breasts-155442#boneless+skinless+chicken+breasts
1|cup|salsa|""|weight-watchers-mexican-chicken-breasts-155442#salsa
1⁄4|cup|fat free sour cream|""|weight-watchers-mexican-chicken-breasts-155442#fat+free+sour+cream
""|""|""|weight-watchers-mexican-chicken-breasts-155442#
""|""|""|weight-watchers-mexican-chicken-breasts-155442#
8 1⁄8|ounces|general mills Fiber One cereal (one sleeve)|fiber-one-chocolate-haystacks-280107#Fiber+One+cereal
12|ounces|semi-sweet chocolate chips|fiber-one-chocolate-haystacks-280107#semi-sweet+chocolate+chips
2|teaspoons|peanut butter| (optional)|fiber-one-chocolate-haystacks-280107#peanut+butter
""|""|""|fiber-one-chocolate-haystacks-280107#
""|""|""|fiber-one-chocolate-haystacks-280107#
2|egg|whites|baked-spicy-french-fries-ww-core-217772#egg+whites
1⁄2|teaspoon|chili powder|""|baked-spicy-french-fries-ww-core-217772#chili+powder
3⁄4|teaspoon|ground cumin|""|baked-spicy-french-fries-ww-core-217772#ground+cumin
1⁄4|teaspoon|black pepper|""|baked-spicy-french-fries-ww-core-217772#black+pepper
1⁄2|teaspoon|table salt|""|baked-spicy-french-fries-ww-core-217772#table+salt
2|large|potatoes|""|baked-spicy-french-fries-ww-core-217772#potatoes
""|""|""|baked-spicy-french-fries-ww-core-217772#
""|""|""|baked-spicy-french-fries-ww-core-217772#
1|teaspoon|olive oil|""|hoppin-john-with-shrimp-weight-watchers-408547#olive+oil
1⁄2|lb|sweet Italian turkey sausage or 1⁄2 lb hot Italian turkey sausage, casings removed|hoppin-john-with-shrimp-weight-watchers-408547#sweet+Italian+turkey+sausage
1|""|sweet onion| chopped|hoppin-john-with-shrimp-weight-watchers-408547#sweet+onion
3|""|garlic cloves| finely chopped|hoppin-john-with-shrimp-weight-watchers-408547#garlic+cloves
1|""|(14 1/2 ounce) candiced tomatoes with _green peppers_, celery and onions|hoppin-john-with-shrimp-weight-watchers-408547#green+peppers
2|teaspoons|paprika|""|hoppin-john-with-shrimp-weight-watchers-408547#paprika
1⁄4|teaspoon|red pepper flakes|""|hoppin-john-with-shrimp-weight-watchers-408547#red+pepper+flakes
1|""|(16 ounce) bagchopped _fresh kale_|hoppin-john-with-shrimp-weight-watchers-408547#fresh+kale
2|""|(15 ounce) cans _black-eyed peas_, rinsed and drained|hoppin-john-with-shrimp-weight-watchers-408547#black-eyed+peas
1|lb|large shrimp| peeled and deveined|hoppin-john-with-shrimp-weight-watchers-408547#large+shrimp
1⁄2|cup|sliced drained _roasted sweet peppers_|hoppin-john-with-shrimp-weight-watchers-408547#roasted+sweet+peppers
1|teaspoon|oregano|""|hoppin-john-with-shrimp-weight-watchers-408547#oregano
""|""|""|hoppin-john-with-shrimp-weight-watchers-408547#
""|""|""|hoppin-john-with-shrimp-weight-watchers-408547#
1|tablespoon|fresh lime juice|""|coconut-chicken-with-pina-colada-dip-7-points-ww-130707#fresh+lime+juice
1|tablespoon|hot pepper sauce|coconut-chicken-with-pina-colada-dip-7-points-ww-130707#hot+pepper+sauce
1|""|(14 ounce) can _light coconut milk_|coconut-chicken-with-pina-colada-dip-7-points-ww-130707#light+coconut+milk
1|lb|boneless skinless chicken breast|""|coconut-chicken-with-pina-colada-dip-7-points-ww-130707#boneless+skinless+chicken+breast
3⁄4|cup|breadcrumbs|coconut-chicken-with-pina-colada-dip-7-points-ww-130707#breadcrumbs
1⁄2|cup|sweetened flaked coconut|""|coconut-chicken-with-pina-colada-dip-7-points-ww-130707#sweetened+flaked+coconut
1⁄2|teaspoon|salt|""|coconut-chicken-with-pina-colada-dip-7-points-ww-130707#salt
1⁄4|teaspoon|ground pepper|""|coconut-chicken-with-pina-colada-dip-7-points-ww-130707#ground+pepper
3|ounces|crushed pineapple|""|coconut-chicken-with-pina-colada-dip-7-points-ww-130707#crushed+pineapple
3|ounces|fat free sour cream|""|coconut-chicken-with-pina-colada-dip-7-points-ww-130707#fat+free+sour+cream
4|ounces|pina colada nonalcoholic drink mix (no alcohol)|coconut-chicken-with-pina-colada-dip-7-points-ww-130707#pina+colada+nonalcoholic+drink+mix
""|""|""|coconut-chicken-with-pina-colada-dip-7-points-ww-130707#
""|""|""|coconut-chicken-with-pina-colada-dip-7-points-ww-130707#
1 2⁄3|cups|sugar|""|weight-watchers-chocolate-marshmallow-fudge-195199#sugar
2⁄3|cup|fat-free evaporated milk|""|weight-watchers-chocolate-marshmallow-fudge-195199#fat-free+evaporated+milk
2|tablespoons|reduced-calorie margarine|""|weight-watchers-chocolate-marshmallow-fudge-195199#reduced-calorie+margarine
12|ounces|semisweet chocolate, chopped (about 1 1/2 cups)|weight-watchers-chocolate-marshmallow-fudge-195199#semisweet+chocolate
14|large|marshmallows|""|weight-watchers-chocolate-marshmallow-fudge-195199#marshmallows
""|""|""|weight-watchers-chocolate-marshmallow-fudge-195199#
""|""|""|weight-watchers-chocolate-marshmallow-fudge-195199#
1|lb|extra lean ground beef (drained or rinsed!)|mexican-casserole-6-5-weight-watcher-points-135814#extra+lean+ground+beef
1⁄2|cup|onion| (chopped)|mexican-casserole-6-5-weight-watcher-points-135814#onion
1⁄4|cup|canned jalapeno slices, chopped|mexican-casserole-6-5-weight-watcher-points-135814#canned+jalapeno+slices
2|cups|fresh tomatoes| chopped or 1 (15 ounce) candiced _canned tomatoes_|mexican-casserole-6-5-weight-watcher-points-135814#fresh+tomatoes
1|""|(15 ounce) can _kernel corn_ (drained)|mexican-casserole-6-5-weight-watcher-points-135814#kernel+corn
1|""|(15 ounce) can _black beans_ (rinsed and drained)|mexican-casserole-6-5-weight-watcher-points-135814#black+beans
1|""|(1 1/4 ounce) package taco seasoning mix|mexican-casserole-6-5-weight-watcher-points-135814#taco+seasoning+mix
8|""|corn tortillas|""|mexican-casserole-6-5-weight-watcher-points-135814#corn+tortillas
3⁄4|cup|nonfat sour cream|""|mexican-casserole-6-5-weight-watcher-points-135814#nonfat+sour+cream
1⁄3|cup|reduced-fat Mexican cheese blend, shredded|mexican-casserole-6-5-weight-watcher-points-135814#reduced-fat+Mexican+cheese+blend
1⁄3|bunch|fresh cilantro| chopped, to taste (or less (or more)|mexican-casserole-6-5-weight-watcher-points-135814#fresh+cilantro
""|""|""|mexican-casserole-6-5-weight-watcher-points-135814#
""|""|""|mexican-casserole-6-5-weight-watcher-points-135814#
1 3⁄4|cups|flour|""|low-fat-poppy-seed-muffins-ww-309651#flour
3⁄4|cup|sugar|""|low-fat-poppy-seed-muffins-ww-309651#sugar
2 1⁄2|teaspoons|baking powder|""|low-fat-poppy-seed-muffins-ww-309651#baking+powder
1⁄2|teaspoon|baking soda|""|low-fat-poppy-seed-muffins-ww-309651#baking+soda
1⁄2|teaspoon|salt|""|low-fat-poppy-seed-muffins-ww-309651#salt
1|tablespoon|lemon zest|""|low-fat-poppy-seed-muffins-ww-309651#lemon+zest
1|tablespoon|poppy seed|""|low-fat-poppy-seed-muffins-ww-309651#poppy+seed
1 1⁄4|cups|low-fat buttermilk|""|low-fat-poppy-seed-muffins-ww-309651#low-fat+buttermilk
2|tablespoons|butter| melted|low-fat-poppy-seed-muffins-ww-309651#butter
1|""|egg|""|low-fat-poppy-seed-muffins-ww-309651#egg
""|""|""|low-fat-poppy-seed-muffins-ww-309651#
""|""|""|low-fat-poppy-seed-muffins-ww-309651#
1⁄4|cup|parmesan cheese| grated|weight-watchers-parmesan-chicken-cutlets-185342#parmesan+cheese
2|tablespoons|dried Italian seasoned breadcrumbs|weight-watchers-parmesan-chicken-cutlets-185342#Italian+seasoned+breadcrumbs
1⁄8|teaspoon|paprika|""|weight-watchers-parmesan-chicken-cutlets-185342#paprika
1|teaspoon|dried parsley|""|weight-watchers-parmesan-chicken-cutlets-185342#dried+parsley
1⁄2|teaspoon|garlic powder|""|weight-watchers-parmesan-chicken-cutlets-185342#garlic+powder
1⁄4|teaspoon|fresh ground pepper|""|weight-watchers-parmesan-chicken-cutlets-185342#fresh+ground+pepper
4|""|(1/4 lb) _boneless skinless chicken breast_|weight-watchers-parmesan-chicken-cutlets-185342#boneless+skinless+chicken+breast
""|""|""|weight-watchers-parmesan-chicken-cutlets-185342#
""|""|""|weight-watchers-parmesan-chicken-cutlets-185342#
2|medium|poblano chiles|""|southwestern-corn-and-hominy-saute-ww-core-192001#poblano+chiles
1|tablespoon|vegetable oil|southwestern-corn-and-hominy-saute-ww-core-192001#vegetable+oil
1|small|red onion| chopped|southwestern-corn-and-hominy-saute-ww-core-192001#red+onion
2|""|garlic cloves| finely chopped|southwestern-corn-and-hominy-saute-ww-core-192001#garlic+cloves
1⁄2|teaspoon|cumin|""|southwestern-corn-and-hominy-saute-ww-core-192001#cumin
1⁄2|teaspoon|epazote| or 1⁄2 teaspoon _oregano_|southwestern-corn-and-hominy-saute-ww-core-192001#epazote
1|""|(15 ounce) can _hominy_, drained|southwestern-corn-and-hominy-saute-ww-core-192001#hominy
1|""|(10 ounce) bag _frozen corn_|southwestern-corn-and-hominy-saute-ww-core-192001#frozen+corn
""|""|salt|""|southwestern-corn-and-hominy-saute-ww-core-192001#salt
3|tablespoons|chopped _fresh cilantro_|southwestern-corn-and-hominy-saute-ww-core-192001#fresh+cilantro
1 1⁄2|tablespoons|lime juice| freshly squeezed|southwestern-corn-and-hominy-saute-ww-core-192001#lime+juice
1|""|lime| cut into wedges|southwestern-corn-and-hominy-saute-ww-core-192001#lime
""|""|""|southwestern-corn-and-hominy-saute-ww-core-192001#
""|""|""|southwestern-corn-and-hominy-saute-ww-core-192001#
2|slices|whole wheat bread (1-ounce slices)|ww-6-points-herbed-beef-burgers-126467#whole+wheat+bread
1|lb|lean ground beef| (7% or less fat)|ww-6-points-herbed-beef-burgers-126467#lean+ground+beef
1⁄3|cup|minced _flat leaf parsley_|ww-6-points-herbed-beef-burgers-126467#flat+leaf+parsley
2|tablespoons|freshly grated _parmesan cheese_|ww-6-points-herbed-beef-burgers-126467#parmesan+cheese
3|""|garlic cloves| minced|ww-6-points-herbed-beef-burgers-126467#garlic+cloves
1|teaspoon|dried basil|""|ww-6-points-herbed-beef-burgers-126467#dried+basil
1⁄2|teaspoon|fresh ground black pepper|""|ww-6-points-herbed-beef-burgers-126467#fresh+ground+black+pepper
1⁄4|teaspoon|salt|""|ww-6-points-herbed-beef-burgers-126467#salt
4|""|(1 ounce) hard rolls, split|ww-6-points-herbed-beef-burgers-126467#hard+rolls
""|""|""|ww-6-points-herbed-beef-burgers-126467#
""|""|""|ww-6-points-herbed-beef-burgers-126467#
1 1⁄2|tablespoons|olive oil|""|crock-pot-chicken-casablanca-ww-flex-and-almost-core-220089#olive+oil
2|large|onions| thinly sliced|crock-pot-chicken-casablanca-ww-flex-and-almost-core-220089#onions
2|teaspoons|fresh ginger| grated|crock-pot-chicken-casablanca-ww-flex-and-almost-core-220089#fresh+ginger
3|""|garlic cloves| minced|crock-pot-chicken-casablanca-ww-flex-and-almost-core-220089#garlic+cloves
2 1⁄4|lbs|boneless skinless chicken breasts|""|crock-pot-chicken-casablanca-ww-flex-and-almost-core-220089#boneless+skinless+chicken+breasts
4|large|carrots| sliced about 1/4 inch thick (or less)|crock-pot-chicken-casablanca-ww-flex-and-almost-core-220089#carrots
2|large|sweet potatoes| peeled and diced or 2 large _potatoes_, peeled and diced in 1 to 1 1/2 inch chunks|crock-pot-chicken-casablanca-ww-flex-and-almost-core-220089#sweet+potatoes
4|tablespoons|currants| (if Core must count points) or 4 tablespoons _raisins_ (if Core must count points)|crock-pot-chicken-casablanca-ww-flex-and-almost-core-220089#currants
1|teaspoon|cumin|""|crock-pot-chicken-casablanca-ww-flex-and-almost-core-220089#cumin
1⁄2|teaspoon|turmeric|""|crock-pot-chicken-casablanca-ww-flex-and-almost-core-220089#turmeric
1⁄4|teaspoon|pepper|""|crock-pot-chicken-casablanca-ww-flex-and-almost-core-220089#pepper
""|""|3⁄4-1 teaspoon _cinnamon_|crock-pot-chicken-casablanca-ww-flex-and-almost-core-220089#cinnamon
1⁄4|teaspoon|cayenne pepper|""|crock-pot-chicken-casablanca-ww-flex-and-almost-core-220089#cayenne+pepper
2|""|(14 1/2 ounce) cans _diced tomatoes_|crock-pot-chicken-casablanca-ww-flex-and-almost-core-220089#diced+tomatoes
3|medium|zucchini| sliced 1 inch thick|crock-pot-chicken-casablanca-ww-flex-and-almost-core-220089#zucchini
1|""|(14 1/2 ounce) can _garbanzo beans_, drained and rinsed|crock-pot-chicken-casablanca-ww-flex-and-almost-core-220089#garbanzo+beans
2|tablespoons|fresh parsley| chopped|crock-pot-chicken-casablanca-ww-flex-and-almost-core-220089#fresh+parsley
2|tablespoons|fresh cilantro| chopped|crock-pot-chicken-casablanca-ww-flex-and-almost-core-220089#fresh+cilantro
""|""|""|crock-pot-chicken-casablanca-ww-flex-and-almost-core-220089#
""|""|""|crock-pot-chicken-casablanca-ww-flex-and-almost-core-220089#
3⁄4|cup|all-purpose flour|""|cupcake-brownies-ww-97952#all-purpose+flour
1⁄2|cup|brown sugar| plus|cupcake-brownies-ww-97952#brown+sugar
1|tablespoon|brown sugar| firmly packed|cupcake-brownies-ww-97952#brown+sugar
3|tablespoons|unsweetened cocoa|cupcake-brownies-ww-97952#unsweetened+cocoa
1⁄2|teaspoon|baking soda|""|cupcake-brownies-ww-97952#baking+soda
1⁄4|teaspoon|salt|""|cupcake-brownies-ww-97952#salt
1⁄2|cup|water|""|cupcake-brownies-ww-97952#water
1⁄4|cup|unsweetened applesauce|""|cupcake-brownies-ww-97952#unsweetened+applesauce
1⁄2|teaspoon|cider vinegar|""|cupcake-brownies-ww-97952#cider+vinegar
1 1⁄2|teaspoons|margarine| melted|cupcake-brownies-ww-97952#margarine
1⁄2|teaspoon|vanilla extract|""|cupcake-brownies-ww-97952#vanilla+extract
""|""|""|cupcake-brownies-ww-97952#
""|""|""|cupcake-brownies-ww-97952#
1|tablespoon|olive oil|""|quinoa-pilaf-ww-4-pts-5-pts-for-ww-407553#olive+oil
1⁄2|""|onion| chopped|quinoa-pilaf-ww-4-pts-5-pts-for-ww-407553#onion
1|stalk|celery| (including leaves)|quinoa-pilaf-ww-4-pts-5-pts-for-ww-407553#celery
2|""|carrots| finely chopped|quinoa-pilaf-ww-4-pts-5-pts-for-ww-407553#carrots
1⁄2|cup|quinoa|""|quinoa-pilaf-ww-4-pts-5-pts-for-ww-407553#quinoa
1|cup|hot water| or 1 cup vegetable stock or 1 cup _chicken broth_|quinoa-pilaf-ww-4-pts-5-pts-for-ww-407553#hot+water
1|cup|butternut squash, peeled and diced (optional)|quinoa-pilaf-ww-4-pts-5-pts-for-ww-407553#butternut+squash
1|""|bay leaf|""|quinoa-pilaf-ww-4-pts-5-pts-for-ww-407553#bay+leaf
""|""|fresh lemon rind| grated from1 lemon|quinoa-pilaf-ww-4-pts-5-pts-for-ww-407553#fresh+lemon+rind
1|tablespoon|fresh lemon juice|""|quinoa-pilaf-ww-4-pts-5-pts-for-ww-407553#fresh+lemon+juice
1⁄2|cup|frozen peas|quinoa-pilaf-ww-4-pts-5-pts-for-ww-407553#frozen+peas
""|""|salt and pepper, to taste|quinoa-pilaf-ww-4-pts-5-pts-for-ww-407553#salt+and+pepper
""|""|""|quinoa-pilaf-ww-4-pts-5-pts-for-ww-407553#
""|""|""|quinoa-pilaf-ww-4-pts-5-pts-for-ww-407553#
4|""|(120 g) _chicken breast fillets_, skin removed, flattened with a meat mallet|char-grilled-chicken-with-sage-butter-aust-ww-4pts-244972#chicken+breast+fillets
50|g|canola spread _margarine_|char-grilled-chicken-with-sage-butter-aust-ww-4pts-244972#margarine
2|tablespoons|fresh sage| shredded|char-grilled-chicken-with-sage-butter-aust-ww-4pts-244972#fresh+sage
""|""|""|char-grilled-chicken-with-sage-butter-aust-ww-4pts-244972#
""|""|""|char-grilled-chicken-with-sage-butter-aust-ww-4pts-244972#
1⁄2|lb|green beans| snap off ends|ww-roasted-string-green-beans-187153#green+beans
1|tablespoon|oil|ww-roasted-string-green-beans-187153#oil
""|""|garlic salt or onion salt, to your liking|ww-roasted-string-green-beans-187153#garlic+salt
""|""|""|ww-roasted-string-green-beans-187153#
""|""|""|ww-roasted-string-green-beans-187153#
""|""|cooking spray|ww-garlicky-baked-shrimp-5-points-272690#cooking+spray
1 1⁄4|lbs|medium shrimp| peeled and deveined|ww-garlicky-baked-shrimp-5-points-272690#medium+shrimp
1⁄2|cup|dry breadcrumbs|ww-garlicky-baked-shrimp-5-points-272690#dry+breadcrumbs
3|tablespoons|finely chopped _fresh parsley_|ww-garlicky-baked-shrimp-5-points-272690#fresh+parsley
1|teaspoon|grated _lemon rind_|ww-garlicky-baked-shrimp-5-points-272690#lemon+rind
1⁄4|teaspoon|salt|""|ww-garlicky-baked-shrimp-5-points-272690#salt
3|""|garlic cloves| minced|ww-garlicky-baked-shrimp-5-points-272690#garlic+cloves
2|tablespoons|fresh lemon juice|""|ww-garlicky-baked-shrimp-5-points-272690#fresh+lemon+juice
4|teaspoons|olive oil|""|ww-garlicky-baked-shrimp-5-points-272690#olive+oil
""|""|""|ww-garlicky-baked-shrimp-5-points-272690#
""|""|""|ww-garlicky-baked-shrimp-5-points-272690#
6|sugar|ice cream cones (like the kind by Keebler)|hgs-holy-moly-cannoli-cones-ww-points-3-367141#sugar+ice+cream+cones
1|cup|fat-free ricotta cheese|""|hgs-holy-moly-cannoli-cones-ww-points-3-367141#fat-free+ricotta+cheese
2|tablespoons|fat-free ricotta cheese|""|hgs-holy-moly-cannoli-cones-ww-points-3-367141#fat-free+ricotta+cheese
2⁄3|cup|_Cool Whip Free_, thawed|hgs-holy-moly-cannoli-cones-ww-points-3-367141#Cool+Whip+Free
2 1⁄2|tablespoons|_Splenda granular_|hgs-holy-moly-cannoli-cones-ww-points-3-367141#Splenda+granular
2|tablespoons|semisweet mini chocolate chips, divided|hgs-holy-moly-cannoli-cones-ww-points-3-367141#semisweet+mini+chocolate+chips
1|tablespoon|fat-free sugar-free instant vanilla pudding mix|""|hgs-holy-moly-cannoli-cones-ww-points-3-367141#fat-free+sugar-free+instant+vanilla+pudding+mix
1|tablespoon|powdered sugar|""|hgs-holy-moly-cannoli-cones-ww-points-3-367141#powdered+sugar
""|""|""|hgs-holy-moly-cannoli-cones-ww-points-3-367141#
""|""|""|hgs-holy-moly-cannoli-cones-ww-points-3-367141#
1 1⁄4|lbs|boneless chicken| parts|oriental-chicken-mushrooms-ww-212160#boneless+chicken
1|tablespoon|minced onion flakes|oriental-chicken-mushrooms-ww-212160#onion+flakes
1⁄4|cup|soy sauce|""|oriental-chicken-mushrooms-ww-212160#soy+sauce
2|teaspoons|honey|""|oriental-chicken-mushrooms-ww-212160#honey
1|dash|garlic powder|""|oriental-chicken-mushrooms-ww-212160#garlic+powder
1⁄2|cup|chopped _green pepper_|oriental-chicken-mushrooms-ww-212160#green+pepper
2 1⁄2|cups|sliced mushrooms|oriental-chicken-mushrooms-ww-212160#sliced+mushrooms
""|""|""|oriental-chicken-mushrooms-ww-212160#
""|""|""|oriental-chicken-mushrooms-ww-212160#
1|small|zucchini| sliced|weight-watchers-easy-lasagnas-7-points-426314#zucchini
1|cup|frozen loose-packed cut-leaf _spinach_|weight-watchers-easy-lasagnas-7-points-426314#spinach
1|cup|sliced _cremini mushroom_|weight-watchers-easy-lasagnas-7-points-426314#cremini+mushroom
1⁄4|teaspoon|salt|""|weight-watchers-easy-lasagnas-7-points-426314#salt
1|cup|fat-free ricotta cheese|""|weight-watchers-easy-lasagnas-7-points-426314#fat-free+ricotta+cheese
4|tablespoons|grated _parmesan cheese_|weight-watchers-easy-lasagnas-7-points-426314#parmesan+cheese
1⁄4|teaspoon|dried oregano|""|weight-watchers-easy-lasagnas-7-points-426314#dried+oregano
1⁄8|teaspoon|red pepper flakes|""|weight-watchers-easy-lasagnas-7-points-426314#red+pepper+flakes
1|cup|roasted pepper pasta sauce|weight-watchers-easy-lasagnas-7-points-426314#pasta+sauce
3|""|no-boil lasagna noodles, halved crosswise|weight-watchers-easy-lasagnas-7-points-426314#no-boil+lasagna+noodles
""|""|""|weight-watchers-easy-lasagnas-7-points-426314#
""|""|""|weight-watchers-easy-lasagnas-7-points-426314#
1|cup|black coffee|""|ww-spiced-coffee-custards-394256#black+coffee
1|tablespoon|instant espresso powder| or 1 tablespoon _instant coffee granules_|ww-spiced-coffee-custards-394256#instant+espresso+powder
1⁄2|cup|sugar|""|ww-spiced-coffee-custards-394256#sugar
2|large|eggs|""|ww-spiced-coffee-custards-394256#eggs
2|medium|egg whites|ww-spiced-coffee-custards-394256#egg+whites
1⁄4|teaspoon|allspice|""|ww-spiced-coffee-custards-394256#allspice
1⁄4|teaspoon|salt|""|ww-spiced-coffee-custards-394256#salt
2|cups|_1% low-fat milk_|ww-spiced-coffee-custards-394256#1%25+low-fat+milk
1⁄2|cup|light whipped topping|ww-spiced-coffee-custards-394256#light+whipped+topping
""|""|""|ww-spiced-coffee-custards-394256#
""|""|""|ww-spiced-coffee-custards-394256#
8|ounces|uncooked _cauliflower_, florets|weight-watchers-mashed-potatoes-with-chives-473722#cauliflower
3|small|uncooked _yukon gold potatoes_, peeled, cut into 1-inch chunk (about 10oz)|weight-watchers-mashed-potatoes-with-chives-473722#yukon+gold+potatoes
2|medium|garlic cloves| peeled|weight-watchers-mashed-potatoes-with-chives-473722#garlic+cloves
1|teaspoon|table salt| divided|weight-watchers-mashed-potatoes-with-chives-473722#table+salt
1⁄4|cup|low-fat milk|""|weight-watchers-mashed-potatoes-with-chives-473722#low-fat+milk
2|teaspoons|salted butter|""|weight-watchers-mashed-potatoes-with-chives-473722#salted+butter
1⁄8|teaspoon|black pepper|""|weight-watchers-mashed-potatoes-with-chives-473722#black+pepper
1|tablespoon|fresh chives| snipped|weight-watchers-mashed-potatoes-with-chives-473722#fresh+chives
""|""|""|weight-watchers-mashed-potatoes-with-chives-473722#
""|""|""|weight-watchers-mashed-potatoes-with-chives-473722#
1|tablespoon|oil|southwestern-chicken-skillet-ww-core-294560#oil
1|lb|boneless skinless chicken breast half| (4 small)|southwestern-chicken-skillet-ww-core-294560#boneless+skinless+chicken+breast+half
2|cups|water|""|southwestern-chicken-skillet-ww-core-294560#water
1|cup|_thick & chunky salsa_|southwestern-chicken-skillet-ww-core-294560#thick+%26+chunky+salsa
10|ounces|frozen corn| (about 2 cups)|southwestern-chicken-skillet-ww-core-294560#frozen+corn
2|cups|brown rice| uncooked (Minute Rice's brown rice)|southwestern-chicken-skillet-ww-core-294560#brown+rice
1⁄4|cup|fat-free cheddar cheese| shredded|southwestern-chicken-skillet-ww-core-294560#fat-free+cheddar+cheese
""|""|""|southwestern-chicken-skillet-ww-core-294560#
""|""|""|southwestern-chicken-skillet-ww-core-294560#
6|ounces|linguine|""|ww-linguine-with-herbed-butter-5-points-272832#linguine
2|tablespoons|unsalted butter|""|ww-linguine-with-herbed-butter-5-points-272832#unsalted+butter
2|tablespoons|fresh parsley| minced|ww-linguine-with-herbed-butter-5-points-272832#fresh+parsley
1|tablespoon|fresh basil| minced|ww-linguine-with-herbed-butter-5-points-272832#fresh+basil
1|tablespoon|fresh thyme leave|""|ww-linguine-with-herbed-butter-5-points-272832#fresh+thyme+leave
1|tablespoon|oregano| minced|ww-linguine-with-herbed-butter-5-points-272832#oregano
1|""|garlic clove| bruised and peeled|ww-linguine-with-herbed-butter-5-points-272832#garlic+clove
1⁄4|teaspoon|salt|""|ww-linguine-with-herbed-butter-5-points-272832#salt
""|""|pepper|""|ww-linguine-with-herbed-butter-5-points-272832#pepper
""|""|""|ww-linguine-with-herbed-butter-5-points-272832#
""|""|""|ww-linguine-with-herbed-butter-5-points-272832#
4|cups|low sodium chicken broth|""|amish-style-chicken-and-corn-soup-ww-core-241579#low+sodium+chicken+broth
8|""|-10 ounces _skinless chicken breasts_ or 8 -10 ounces _skinless chicken thighs_|amish-style-chicken-and-corn-soup-ww-core-241579#skinless+chicken+breasts
1⁄2|medium|onion| chopped|amish-style-chicken-and-corn-soup-ww-core-241579#onion
1⁄2|""|carrot| peeled and chopped|amish-style-chicken-and-corn-soup-ww-core-241579#carrot
1⁄2|""|celery| coarsely chopped|amish-style-chicken-and-corn-soup-ww-core-241579#celery
""|""|1⁄4-1⁄2 teaspoon _saffron_|amish-style-chicken-and-corn-soup-ww-core-241579#saffron
1⁄2|cup|frozen corn|""|amish-style-chicken-and-corn-soup-ww-core-241579#frozen+corn
1⁄2|cup|cooked whole wheat egg noodles|amish-style-chicken-and-corn-soup-ww-core-241579#whole+wheat+egg+noodles
1⁄2|cup|celery| small cubes|amish-style-chicken-and-corn-soup-ww-core-241579#celery
1⁄2|tablespoon|chopped _parsley_|amish-style-chicken-and-corn-soup-ww-core-241579#parsley
""|""|""|amish-style-chicken-and-corn-soup-ww-core-241579#
""|""|""|amish-style-chicken-and-corn-soup-ww-core-241579#
2|teaspoons|olive oil|""|sauteed-zucchini-with-oregano-and-feta-ww-1-point-268886#olive+oil
2|medium|zucchini| cut into 2-inch chunks|sauteed-zucchini-with-oregano-and-feta-ww-1-point-268886#zucchini
1|teaspoon|dried oregano|""|sauteed-zucchini-with-oregano-and-feta-ww-1-point-268886#dried+oregano
2|tablespoons|parsley| fresh, chopped|sauteed-zucchini-with-oregano-and-feta-ww-1-point-268886#parsley
1⁄8|teaspoon|table salt|""|sauteed-zucchini-with-oregano-and-feta-ww-1-point-268886#table+salt
1⁄8|teaspoon|black pepper| freshly ground|sauteed-zucchini-with-oregano-and-feta-ww-1-point-268886#black+pepper
1⁄4|cup|crumbled _feta cheese_|sauteed-zucchini-with-oregano-and-feta-ww-1-point-268886#feta+cheese
""|""|""|sauteed-zucchini-with-oregano-and-feta-ww-1-point-268886#
""|""|""|sauteed-zucchini-with-oregano-and-feta-ww-1-point-268886#
2|teaspoons|extra virgin olive oil|""|lentil-corn-and-sweet-pepper-chilli-ww-5-points-404495#extra+virgin+olive+oil
1|large|onion| finely chopped|lentil-corn-and-sweet-pepper-chilli-ww-5-points-404495#onion
1|""|(28 ounce) tin _crushed tomatoes_|lentil-corn-and-sweet-pepper-chilli-ww-5-points-404495#crushed+tomatoes
1|cup|vegetable stock|lentil-corn-and-sweet-pepper-chilli-ww-5-points-404495#vegetable+stock
1 1⁄2|cups|dry lentils| rinsed and drained|lentil-corn-and-sweet-pepper-chilli-ww-5-points-404495#dry+lentils
2|cups|corn|""|lentil-corn-and-sweet-pepper-chilli-ww-5-points-404495#corn
1|large|red pepper, chopped|lentil-corn-and-sweet-pepper-chilli-ww-5-points-404495#red+pepper
1|""|(4 1/2 ounce) can _green chilies_|lentil-corn-and-sweet-pepper-chilli-ww-5-points-404495#green+chilies
1|teaspoon|ground cumin|""|lentil-corn-and-sweet-pepper-chilli-ww-5-points-404495#ground+cumin
1|teaspoon|ground coriander|""|lentil-corn-and-sweet-pepper-chilli-ww-5-points-404495#ground+coriander
1⁄2|teaspoon|salt|""|lentil-corn-and-sweet-pepper-chilli-ww-5-points-404495#salt
1⁄4|cup|finely chopped coriander|lentil-corn-and-sweet-pepper-chilli-ww-5-points-404495#coriander
""|""|""|lentil-corn-and-sweet-pepper-chilli-ww-5-points-404495#
""|""|""|lentil-corn-and-sweet-pepper-chilli-ww-5-points-404495#
2|cups|water|""|tropical-quinoa-ww-278673#water
1|cup|quinoa| rinsed|tropical-quinoa-ww-278673#quinoa
2|teaspoons|olive oil|""|tropical-quinoa-ww-278673#olive+oil
3⁄4|teaspoon|salt|""|tropical-quinoa-ww-278673#salt
1⁄8|teaspoon|pepper|""|tropical-quinoa-ww-278673#pepper
1|""|papaya| peeled, seeded and diced|tropical-quinoa-ww-278673#papaya
1|""|red bell pepper| diced|tropical-quinoa-ww-278673#red+bell+pepper
2|""|scallions| sliced|tropical-quinoa-ww-278673#scallions
2|tablespoons|cilantro| chopped|tropical-quinoa-ww-278673#cilantro
1|tablespoon|rice wine vinegar|tropical-quinoa-ww-278673#rice+wine+vinegar
1⁄2|teaspoon|orange zest| grated|tropical-quinoa-ww-278673#orange+zest
""|""|""|tropical-quinoa-ww-278673#
""|""|""|tropical-quinoa-ww-278673#
1⁄4|cup|reduced-calorie mayonnaise|unfried-chicken-ww-400513#reduced-calorie+mayonnaise
1|teaspoon|_Dijon mustard_|unfried-chicken-ww-400513#Dijon+mustard
2|teaspoons|grated _lemon zest_|unfried-chicken-ww-400513#lemon+zest
1⁄2|teaspoon|salt|""|unfried-chicken-ww-400513#salt
4|drops|hot pepper sauce|unfried-chicken-ww-400513#hot+pepper+sauce
1|""|(3 1/2 lb) _chicken_, cut into eighths, skin removed|unfried-chicken-ww-400513#chicken
3⁄4|cup|corn flake crumbs|unfried-chicken-ww-400513#corn+flake+crumbs
""|""|""|unfried-chicken-ww-400513#
""|""|""|unfried-chicken-ww-400513#
4 1⁄2|cups|nonfat milk|""|brown-rice-pudding-with-apples-and-pears-ww-core-plus-164518#nonfat+milk
1⁄3|cup|nonfat dry milk powder|brown-rice-pudding-with-apples-and-pears-ww-core-plus-164518#nonfat+dry+milk+powder
1|cup|brown rice|""|brown-rice-pudding-with-apples-and-pears-ww-core-plus-164518#brown+rice
3|""|cinnamon sticks| or 1 whole _vanilla bean_|brown-rice-pudding-with-apples-and-pears-ww-core-plus-164518#cinnamon+sticks
1|pinch|salt|""|brown-rice-pudding-with-apples-and-pears-ww-core-plus-164518#salt
3|tablespoons|white sugar| (use more if you like a sweeter rice pudding) or 3 tablespoons _brown sugar_ (use more if you like a sweeter rice pudding) or 3 tablespoons baking _Splenda sugar substitute_ (use more if you like a sweeter rice pudding)|brown-rice-pudding-with-apples-and-pears-ww-core-plus-164518#white+sugar
1 1⁄4|teaspoons|vanilla| (only if using cinnamon sticks)|brown-rice-pudding-with-apples-and-pears-ww-core-plus-164518#vanilla
1|pinch|ground nutmeg|""|brown-rice-pudding-with-apples-and-pears-ww-core-plus-164518#ground+nutmeg
1⁄4|cup|plain nonfat yogurt|""|brown-rice-pudding-with-apples-and-pears-ww-core-plus-164518#plain+nonfat+yogurt
2|""|tart apples| peeled, cored and diced|brown-rice-pudding-with-apples-and-pears-ww-core-plus-164518#tart+apples
1|""|pear| peeled, cored and diced|brown-rice-pudding-with-apples-and-pears-ww-core-plus-164518#pear
""|""|""|brown-rice-pudding-with-apples-and-pears-ww-core-plus-164518#
""|""|""|brown-rice-pudding-with-apples-and-pears-ww-core-plus-164518#
3|tablespoons|nut oil|sweetcorn-fritters-can-be-weight-watchers-419892#nut+oil
1|small|onion| peeled and finely chopped|sweetcorn-fritters-can-be-weight-watchers-419892#onion
1|red|chili, deseeded and finely chopped|sweetcorn-fritters-can-be-weight-watchers-419892#chili
1|""|garlic clove| minced|sweetcorn-fritters-can-be-weight-watchers-419892#garlic+clove
1 1⁄2|cups|frozen corn| thawed|sweetcorn-fritters-can-be-weight-watchers-419892#frozen+corn
6|""|spring onions| trimmed and finely sliced (green onions)|sweetcorn-fritters-can-be-weight-watchers-419892#spring+onions
1|""|egg| lightly beaten|sweetcorn-fritters-can-be-weight-watchers-419892#egg
""|""|salt and pepper, to taste|sweetcorn-fritters-can-be-weight-watchers-419892#salt+and+pepper
4|tablespoons|all-purpose flour|""|sweetcorn-fritters-can-be-weight-watchers-419892#all-purpose+flour
1|teaspoon|baking powder|""|sweetcorn-fritters-can-be-weight-watchers-419892#baking+powder
""|""|sweet chili sauce, to drizzle over (optional)|sweetcorn-fritters-can-be-weight-watchers-419892#sweet+chili+sauce
""|""|fresh coriander leaves| (optional garnish)|sweetcorn-fritters-can-be-weight-watchers-419892#fresh+coriander+leaves
""|""|""|sweetcorn-fritters-can-be-weight-watchers-419892#
""|""|""|sweetcorn-fritters-can-be-weight-watchers-419892#
1|""|(18 1/4 ounce) box reduced-sugar yellow cake mix|ww-chocolate-chip-cookie-bars-433906#reduced-sugar+yellow+cake+mix
1⁄2|cup|_Egg Beaters egg substitute_ (4 egg whites)|ww-chocolate-chip-cookie-bars-433906#Egg+Beaters+egg+substitute
1⁄2|cup|brown sugar substitute| (or white sugar substitute)|ww-chocolate-chip-cookie-bars-433906#brown+sugar+substitute
1⁄2|cup|canned pumpkin|""|ww-chocolate-chip-cookie-bars-433906#canned+pumpkin
1|cup|mini chocolate chip|ww-chocolate-chip-cookie-bars-433906#mini+chocolate+chip
1|teaspoon|vanilla|""|ww-chocolate-chip-cookie-bars-433906#vanilla
""|""|""|ww-chocolate-chip-cookie-bars-433906#
""|""|""|ww-chocolate-chip-cookie-bars-433906#
3⁄4|cup|brown rice| uncooked|southwest-vegetarian-bake-weight-watchers-friendly-350129#brown+rice
1 1⁄2|cups|water|""|southwest-vegetarian-bake-weight-watchers-friendly-350129#water
15|ounces|kidney beans| rinsed|southwest-vegetarian-bake-weight-watchers-friendly-350129#kidney+beans
14|ounces|diced tomatoes|""|southwest-vegetarian-bake-weight-watchers-friendly-350129#diced+tomatoes
3|ounces|diced green chilies|""|southwest-vegetarian-bake-weight-watchers-friendly-350129#diced+green+chilies
8|ounces|corn| drained|southwest-vegetarian-bake-weight-watchers-friendly-350129#corn
1|cup|salsa|""|southwest-vegetarian-bake-weight-watchers-friendly-350129#salsa
1|cup|reduced-fat sour cream|""|southwest-vegetarian-bake-weight-watchers-friendly-350129#reduced-fat+sour+cream
2|cups|Mexican blend cheese|southwest-vegetarian-bake-weight-watchers-friendly-350129#Mexican+blend+cheese
1⁄4|teaspoon|pepper|""|southwest-vegetarian-bake-weight-watchers-friendly-350129#pepper
1⁄2|cup|onion| chopped|southwest-vegetarian-bake-weight-watchers-friendly-350129#onion
1⁄2|cup|cilantro| chopped|southwest-vegetarian-bake-weight-watchers-friendly-350129#cilantro
""|""|""|southwest-vegetarian-bake-weight-watchers-friendly-350129#
""|""|""|southwest-vegetarian-bake-weight-watchers-friendly-350129#
3|tablespoons|orange juice|ww-hawaiian-turkey-loaf-weight-watchers-6-points-per-serving-124651#orange+juice
5|tablespoons|soy sauce|""|ww-hawaiian-turkey-loaf-weight-watchers-6-points-per-serving-124651#soy+sauce
3|tablespoons|chopped _onions_|ww-hawaiian-turkey-loaf-weight-watchers-6-points-per-serving-124651#onions
3⁄4|red|peppers or 3⁄4 _green pepper_|ww-hawaiian-turkey-loaf-weight-watchers-6-points-per-serving-124651#red+peppers
6|slices|fresh ginger| (quarter size)|ww-hawaiian-turkey-loaf-weight-watchers-6-points-per-serving-124651#fresh+ginger
18|ounces|ground turkey|""|ww-hawaiian-turkey-loaf-weight-watchers-6-points-per-serving-124651#ground+turkey
3⁄4|cup|fresh breadcrumb|ww-hawaiian-turkey-loaf-weight-watchers-6-points-per-serving-124651#fresh+breadcrumb
1|""|egg|""|ww-hawaiian-turkey-loaf-weight-watchers-6-points-per-serving-124651#egg
1|egg|white|ww-hawaiian-turkey-loaf-weight-watchers-6-points-per-serving-124651#egg+white
8|ounces|crushed pineapple|""|ww-hawaiian-turkey-loaf-weight-watchers-6-points-per-serving-124651#crushed+pineapple
2|tablespoons|sugar|""|ww-hawaiian-turkey-loaf-weight-watchers-6-points-per-serving-124651#sugar
2|tablespoons|white vinegar|""|ww-hawaiian-turkey-loaf-weight-watchers-6-points-per-serving-124651#white+vinegar
2|tablespoons|chopped _onions_|ww-hawaiian-turkey-loaf-weight-watchers-6-points-per-serving-124651#onions
2|tablespoons|chopped red peppers or 2 tablespoons _green peppers_|ww-hawaiian-turkey-loaf-weight-watchers-6-points-per-serving-124651#red+peppers
1|tablespoon|minced _fresh ginger_|ww-hawaiian-turkey-loaf-weight-watchers-6-points-per-serving-124651#fresh+ginger
1⁄4|teaspoon|crushed red pepper flakes|""|ww-hawaiian-turkey-loaf-weight-watchers-6-points-per-serving-124651#crushed+red+pepper+flakes
2|tablespoons|raisins|""|ww-hawaiian-turkey-loaf-weight-watchers-6-points-per-serving-124651#raisins
""|""|""|ww-hawaiian-turkey-loaf-weight-watchers-6-points-per-serving-124651#
""|""|""|ww-hawaiian-turkey-loaf-weight-watchers-6-points-per-serving-124651#
2|teaspoons|peanut oil|weight-watchers-vegetable-peanut-stir-fry-5-points-299639#peanut+oil
2|cups|onions| chopped (about 1 large onion)|weight-watchers-vegetable-peanut-stir-fry-5-points-299639#onions
2|cups|bok choy| chopped|weight-watchers-vegetable-peanut-stir-fry-5-points-299639#bok+choy
2|cups|carrots| chopped (about 2 medium carrots)|weight-watchers-vegetable-peanut-stir-fry-5-points-299639#carrots
1|medium|green pepper| chopped|weight-watchers-vegetable-peanut-stir-fry-5-points-299639#green+pepper
1|medium|sweet red pepper, chopped|weight-watchers-vegetable-peanut-stir-fry-5-points-299639#sweet+red+pepper
8|ounces|mushrooms| thinly sliced|weight-watchers-vegetable-peanut-stir-fry-5-points-299639#mushrooms
2|cups|broccoli| florets|weight-watchers-vegetable-peanut-stir-fry-5-points-299639#broccoli
2|cups|asparagus| cut into 2-inch peices (about 1/2 pound asparagus)|weight-watchers-vegetable-peanut-stir-fry-5-points-299639#asparagus
1⁄4|cup|low sodium soy sauce|""|weight-watchers-vegetable-peanut-stir-fry-5-points-299639#low+sodium+soy+sauce
2|teaspoons|cornstarch|""|weight-watchers-vegetable-peanut-stir-fry-5-points-299639#cornstarch
1⁄4|cup|canned _reduced-sodium chicken broth_|weight-watchers-vegetable-peanut-stir-fry-5-points-299639#reduced-sodium+chicken+broth
8|tablespoons|peanuts| dry roasted, chopped|weight-watchers-vegetable-peanut-stir-fry-5-points-299639#peanuts
4|cups|cooked brown rice| kept hot|weight-watchers-vegetable-peanut-stir-fry-5-points-299639#cooked+brown+rice
""|""|""|weight-watchers-vegetable-peanut-stir-fry-5-points-299639#
""|""|""|weight-watchers-vegetable-peanut-stir-fry-5-points-299639#
3⁄4|teaspoon|salt| divided|weight-watchers-barley-with-butternut-squash-apples-and-onions-245872#salt
1⁄2|cup|uncooked _barley_|weight-watchers-barley-with-butternut-squash-apples-and-onions-245872#barley
1|tablespoon|olive oil|""|weight-watchers-barley-with-butternut-squash-apples-and-onions-245872#olive+oil
2|cups|butternut squash, peeled & diced|weight-watchers-barley-with-butternut-squash-apples-and-onions-245872#butternut+squash
1|cup|onion| chopped|weight-watchers-barley-with-butternut-squash-apples-and-onions-245872#onion
1⁄2|cup|sweet red pepper, diced|weight-watchers-barley-with-butternut-squash-apples-and-onions-245872#sweet+red+pepper
1|medium|apple| peeled, cored, diced|weight-watchers-barley-with-butternut-squash-apples-and-onions-245872#apple
1 1⁄2|teaspoons|garlic| minced|weight-watchers-barley-with-butternut-squash-apples-and-onions-245872#garlic
3⁄4|teaspoon|dried thyme|""|weight-watchers-barley-with-butternut-squash-apples-and-onions-245872#dried+thyme
1⁄4|teaspoon|black pepper|""|weight-watchers-barley-with-butternut-squash-apples-and-onions-245872#black+pepper
1⁄3|cup|fat-free chicken broth|""|weight-watchers-barley-with-butternut-squash-apples-and-onions-245872#fat-free+chicken+broth
""|""|""|weight-watchers-barley-with-butternut-squash-apples-and-onions-245872#
""|""|""|weight-watchers-barley-with-butternut-squash-apples-and-onions-245872#
1|small|hamburger bun (light, if available)|hgs-island-insanity-burger-ww-points-5-362776#hamburger+bun
1|vegan|burger, Boca Original Vegan Meatless Burger|hgs-island-insanity-burger-ww-points-5-362776#vegan+burger
1|slice|fat-free cheddar cheese|""|hgs-island-insanity-burger-ww-points-5-362776#fat-free+cheddar+cheese
1|""|pineapple ring| packed in juice|hgs-island-insanity-burger-ww-points-5-362776#pineapple+ring
1|slice|tomatoes|""|hgs-island-insanity-burger-ww-points-5-362776#tomatoes
1|leaf|lettuce|""|hgs-island-insanity-burger-ww-points-5-362776#lettuce
1|tablespoon|teriyaki marinade, thick kind with about 20 - 25 calories per tbsp. (like the one by Lawry's)|hgs-island-insanity-burger-ww-points-5-362776#teriyaki+marinade
1|teaspoon|fat-free mayonnaise|""|hgs-island-insanity-burger-ww-points-5-362776#fat-free+mayonnaise
""|""|""|hgs-island-insanity-burger-ww-points-5-362776#
""|""|""|hgs-island-insanity-burger-ww-points-5-362776#
6|cups|chocolate-flavor crisp rice cereal|weight-watchers-low-fat-chocolate-crunch-bars-2pts-210173#chocolate-flavor+crisp+rice+cereal
1 1⁄2|tablespoons|margarine|""|weight-watchers-low-fat-chocolate-crunch-bars-2pts-210173#margarine
1 1⁄2|tablespoons|reduced-fat peanut butter|weight-watchers-low-fat-chocolate-crunch-bars-2pts-210173#reduced-fat+peanut+butter
8|ounces|large marshmallows| (use half 16-ounce package)|weight-watchers-low-fat-chocolate-crunch-bars-2pts-210173#large+marshmallows
1⁄3|cup|reduced-fat semisweet chocolate morsel|weight-watchers-low-fat-chocolate-crunch-bars-2pts-210173#semisweet+chocolate+morsel
""|""|""|weight-watchers-low-fat-chocolate-crunch-bars-2pts-210173#
""|""|""|weight-watchers-low-fat-chocolate-crunch-bars-2pts-210173#
1|""|red onion|""|moroccan-flatbread-pizzas-can-be-ww-389902#red+onion
1|tablespoon|fresh parsley leaves|""|moroccan-flatbread-pizzas-can-be-ww-389902#fresh+parsley+leaves
1|lb|fresh _ground beef_ or 1 lb fresh _ground lamb_|moroccan-flatbread-pizzas-can-be-ww-389902#ground+beef
2|teaspoons|ground cumin|""|moroccan-flatbread-pizzas-can-be-ww-389902#ground+cumin
2|tablespoons|pine nuts|""|moroccan-flatbread-pizzas-can-be-ww-389902#pine+nuts
1 1⁄2|teaspoons|paprika|""|moroccan-flatbread-pizzas-can-be-ww-389902#paprika
1|tablespoon|fresh lemon juice|""|moroccan-flatbread-pizzas-can-be-ww-389902#fresh+lemon+juice
1⁄2|cup|plain natural yoghurt (can use Greek)|moroccan-flatbread-pizzas-can-be-ww-389902#natural+yoghurt
4|naan|bread (garlic and coriander, should not be plain naan breads)|moroccan-flatbread-pizzas-can-be-ww-389902#naan+bread
""|""|""|moroccan-flatbread-pizzas-can-be-ww-389902#
""|""|""|moroccan-flatbread-pizzas-can-be-ww-389902#
